{
  "llm_pairwise": {
    "auc": 0.6932777777777778,
    "ap": 0.6117674822986923
  },
  "llm_pairwise_majority": {
    "auc": 0.6789888888888889,
    "ap": 0.6488910432071197
  },
  "llm_lora": {
    "auc": 0.9550388888888889,
    "ap": 0.9184308184849048
  }
}